munic,chg_labor_force2,outflow_intermunic2,inflow_intermunic2,inflow_intl_munic2,intl_mig_outflows2,pop90,intl_mig_rt10yr
484001001,80.39013671875,189.0021362304688,402.9006652832031,32.38986968994141,118.738260269165,2254.7,.052662555
484001002,-22.18000793457031,6.825558662414551,8.207780122756958,5.148891448974609,26.65112113952637,120.8,.22062185
484001003,-32.32000732421875,8.610131502151489,7.945032119750977,5.79716420173645,34.32207107543945,180.40001,.19025537
484001004,-.529998779296875,2.371461749076843,4.452666759490967,.28213831782341,2.19334214925766,37.799999,.058024924
484001005,34.47999572753906,20.47891616821289,42.19900512695313,3.57492470741272,-12.46498203277588,159.2,-.07829763
484001006,-19.85000610351563,26.97499895095825,21.9426851272583,6.977211713790894,17.42490386962891,233.3,.074688829
484001008,-8.930000305175781,3.881932616233826,2.073075383901596,.6636699289083481,6.904812812805176,55,.12554204
484002001,87.6900634765625,222.6412658691406,253.01708984375,22.51171445846558,-69.68252563476563,1196.6,-.058233768
484002002,-82.72998046875,201.6320571899414,281.623779296875,64.94796562194824,145.119668006897,2879.5,.050397523
484002003,24.09999084472656,52.94107532501221,71.42358016967773,10.74857378005981,-2.05891227722168,238.90001,-.0086183017
484002004,868.239990234375,421.2742309570313,1263.592163085938,177.3323822021484,17.77032423019409,3699.8,.0048030498
484003001,95.7099609375,151.5422859191895,267.1450653076172,17.05081605911255,4.283634185791016,1484.5,.0028855738
484004001,-9.6300048828125,14.91671180725098,12.58776664733887,0,4.591059803962708,155.10001,.029600643
484004002,-6.1800537109375,99.42750549316406,144.2581787109375,1.924760043621063,33.56548798084259,795.10004,.042215429
484004003,37.0299072265625,127.1367797851563,228.2660675048828,3.622123003005981,38.30150413513184,1206.3,.031751227
484004004,-3.459999084472656,3.91774845123291,5.44343376159668,0,3.565684318542481,79.900002,.044626836
484004005,-1.909999847412109,2.630000114440918,3.015866041183472,0,1.645865797996521,30,.054862194
484005002,103.6900024414063,52.8274507522583,96.33952331542969,4.110000133514404,-63.61792755126953,265.10001,-.23997709
484005004,-14.86000061035156,16.70267868041992,6.483039617538452,0,3.040361404418945,77.099998,.039434001
484005006,-20.88999938964844,5.09790825843811,4.508988857269287,.0099999997764826,18.32108020782471,96.599998,.18965922
484005007,-9.260002136230469,7.659083843231201,6.294638156890869,1.534008622169495,8.249565348029137,49.100002,.16801558
484005010,-43.08000183105469,22.02851009368897,45.38649082183838,.3799999952316284,61.90798377990723,283.5,.21837032
484005014,-.4500007629394531,2.417433798313141,3.331191301345825,.199999988079071,.713758260011673,31.9,.022374867
484005017,-73.83999633789063,10.76591062545776,36.06064987182617,1.049999952316284,93.14473724365234,368.5,.25276726
484005018,-93.72998046875,90.70265579223633,70.1540641784668,2.539999961853027,59.56138801574707,821.5,.072503209
484005020,-55.15998840332031,38.63041114807129,25.38833951950073,1.440000057220459,36.8479175567627,276.39999,.13331375
484005022,2.029998779296875,13.37538909912109,14.50408363342285,.3400000035762787,-1.701304197311401,75.400002,-.022563716
484005023,7.840000152587891,6.77573835849762,4.204698085784912,.9866606891155243,-10.20438003540039,31.700001,-.32190472
484005024,-21.36000061035156,39.94383335113525,13.15107202529907,.1700000017881393,-9.092760562896729,160.7,-.056582209
484005025,2.779998779296875,39.99014282226563,122.9217414855957,11.24305081367493,80.19465065002441,450.89999,.17785463
484005026,-3.710000991821289,3.815061807632446,.8274493217468262,.5355517640709877,.9679402988404036,15.6,.062047452
484005027,14.18999481201172,9.470473289489746,32.36059379577637,.1500000059604645,6.330125689506531,124.2,.050967194
484005030,5.73974609375,128.471435546875,278.4346542358398,15.423912525177,123.3373870849609,2053.4001,.060064957
484005032,-35.87001037597656,13.67319011688232,16.31413078308106,3.370679438114166,38.21162986755371,180.40001,.21181612
484005033,-117.2400207519531,63.64745330810547,30.308030128479,.2000000029802322,76.44059753417969,402.70001,.1898202
484005035,-246.610107421875,344.3650360107422,234.8101348876953,16.22578430175781,103.7309885025024,2176.6001,.047657348
484005038,-4.409999847412109,56.61217564344406,3.503254413604736,2.18638151884079,-47.52254056930542,46.200001,-1.0286264
484006001,-19.8599853515625,79.63827133178711,109.0475769042969,8.658605575561523,45.26789665222168,536.29999,.084407791
484006002,-57.49002075195313,157.6488647460938,119.7458839416504,16.79382181167603,23.53086090087891,522.90002,.045000687
484006003,-8.789997100830078,8.656497716903687,9.071917057037354,1.690409541130066,9.005825757980347,71.099998,.12666422
484006004,-7.130001068115234,7.356888055801392,7.136228322982788,1.805682182312012,7.115023732185364,66.5,.10699284
484006005,-13.63999938964844,14.51738691329956,9.614901065826416,3.728824734687805,10.28633832931519,105,.097965129
484006006,-2.680000305175781,3.93252170085907,3.989540636539459,1.235837578773499,3.4528568983078,19.6,.17616616
484006008,-48.95001220703125,38.33307647705078,46.19060707092285,13.04275798797607,60.24030113220215,356.5,.16897701
484006009,140.6900024414063,26.6840705871582,159.2547760009766,3.98837673664093,-8.450920581817627,168,-.050303098
484007003,-18.43000030517578,5.507366418838501,12.35980272293091,.2900000214576721,22.55243682861328,90.300003,.24975012
484007009,-18.55000305175781,13.09894394874573,16.90489339828491,0,17.56595277786255,152.90001,.11488523
484007017,-36.44000244140625,41.69105911254883,28.56131935119629,0,16.65026235580444,240,.069376096
484007019,-2.07000732421875,21.24060821533203,41.7317590713501,.3400000035762787,12.58115816116333,334.60001,.037600592
484007020,-24.80000305175781,8.557000160217285,22.05358600616455,.1299999952316284,35.38659000396729,136,.26019552
484007025,-3.850000381469727,.5600000023841858,.6100000143051148,0,3.240000367164612,22.1,.14660636
484007027,11.38999938964844,43.36905860900879,37.50819683074951,0,-23.17086106538773,189.8,-.1220804
484007032,-8.349998474121094,4.855266273021698,6.177412033081055,0,6.022144317626953,89.900002,.066987142
484007036,-3.829999923706055,.239999994635582,.5116004794836044,.0099999997764826,3.581600308418274,17.9,.20008941
484007040,-27.31001281738281,53.3902759552002,15.36003303527832,0,-17.87023067474365,182.10001,-.09813416
484007046,-20.86000061035156,23.51087617874146,8.10687518119812,0,1.865999519824982,144.7,.012895643
484007049,-10.25000381469727,.5999999642372131,.0299999993294477,0,7.670003652572632,54.100002,.14177455
484007051,-20.98000335693359,16.75704050064087,11.11256456375122,.1299999952316284,10.63552761077881,134.3,.079192311
484007061,11.95999145507813,14.02540874481201,41.0376467704773,0,9.55224609375,183.3,.052112635
484007068,-17.3800048828125,9.229999542236328,8.438159465789795,0,13.29816472530365,107.3,.12393443
484007071,-6.900001525878906,12.93084979057312,7.586228251457214,.2000000029802322,-1.614619970321655,87.400002,-.018473912
484007072,-10.46999740600586,2.358069539070129,.7800000309944153,0,6.151927709579468,66.099998,.093070015
484007080,-31.08000183105469,2.021721065044403,4.111294150352478,0,29.99957466125488,110.6,.2712439
484007089,-44.22003173828125,75.5412712097168,120.6205101013184,14.88007783889771,71.69934749603272,966.40002,.074192204
484007093,-22.73999786376953,1.480000019073486,.2600000202655792,0,17.76999855041504,94,.18904254
484007096,-21.21002197265625,27.352707862854,37.32690286636353,.0099999997764826,22.68421697616577,277.30002,.081803881
484007097,-1.390000343322754,.1899999976158142,.5717103481292725,0,1.351710677146912,15.3,.0883471
484007100,89.340087890625,175.3853454589844,282.6906509399414,6.370623588562012,-12.50415897369385,1429.6,-.0087466137
484007101,-31.52000427246094,15.22707629203796,4.632508277893066,2.082508310675621,18.6279444694519,133.8,.13922231
484007106,-3.8800048828125,43.45457363128662,8.598867654800415,0,-37.91570091247559,220.40001,-.1720313
484007107,-45.76998901367188,23.44096851348877,29.65554738044739,.1299999952316284,44.51456928253174,315,.14131609
484007108,-11.41000366210938,7.004892230033875,3.359999895095825,0,4.965111374855042,84.800003,.058550838
484008010,-35.77999877929688,34.65189170837402,26.30315113067627,.5900000333786011,22.86125802993774,199,.1148807
484008012,-6.909999847412109,9.124711394309998,1.582699835300446,.9026998579502106,-1.0693119764328,39.200001,-.027278366
484008016,-55.97998046875,42.33598232269287,86.76171875,8.100000381469727,93.77571487426758,502.39999,.18665549
484008018,-24.239990234375,261.5292510986328,353.6505432128906,19.59033417701721,68.73161506652832,2567.3,.026771944
484008019,-7.059999465942383,1.490000009536743,2.05156347155571,0,6.031562805175781,24.9,.24223144
484008020,-52.08999633789063,51.85296249389648,62.69056701660156,13.58452987670898,65.44213104248047,484.89999,.13496006
484008029,-52.05000305175781,9.997603893280029,15.69075345993042,5.781670190393925,58.30482292175293,179.10001,.3255434
484008030,-57.92001342773438,55.95571136474609,55.11083984375,2.949999809265137,49.24514198303223,408.5,.12055115
484008031,-3.690000295639038,.0499999970197678,.3832392022013664,.1510586999356747,3.894298195838928,7.4000001,.5262565
484008032,-8.510002136230469,1.300000071525574,2.955671906471252,.119999997317791,9.395673990249634,36.100002,.26026797
484008034,-31.31000518798828,31.15423393249512,5.839999675750732,0,2.365771293640137,159.3,.014851044
484008035,426.6796875,265.2111968994141,863.2693176269531,74.16806793212891,128.2064967155457,3990.6001,.032127123
484008038,-43.70000457763672,11.14322423934937,16.60304808616638,.699999988079071,45.81982803344727,148.8,.30792895
484008043,-26.64999389648438,6.912006139755249,5.761930227279663,.5,22.24991798400879,144.2,.15429902
484008046,-42.99000549316406,11.49214267730713,5.53660523891449,1.789999961853027,35.80446624755859,126.7,.28259248
484008048,-27.30000305175781,88.63557481765747,22.54231929779053,10.31877338886261,-34.28447914123535,210,-.16325943
484008052,-8.230001449584961,4.469499260187149,2.161429762840271,.6699999570846558,5.811931848526001,38.200001,.1521448
484008058,-24.85000228881836,19.67292213439941,3.013959288597107,1.162516891956329,7.943556308746338,63.100002,.12588836
484008060,-30.44000244140625,25.12173366546631,16.37981176376343,4.255796313285828,22.1738772392273,137.3,.16149947
484008061,-12.94999885559082,1.570000052452087,1.484332501888275,.1500000059604645,11.74433088302612,35.299999,.33270061
484008063,.1000022888183594,3.280355513095856,1.110000014305115,0,-5.490357875823975,58.5,-.093852274
484009001,-6284.900390625,7593.651611328125,3318.718872070313,335.8081359863281,1714.805847167969,27729.801,.061839819
484009002,-365.5400390625,2602.539489746094,2523.854248046875,26.66060447692871,131.4654016494751,8556.2998,.015364749
484009003,-99.46002197265625,209.9092330932617,179.9655227661133,4.389999866485596,49.34631252288818,968.20001,.050967064
484009004,49.02996826171875,87.62709999084473,113.7939224243164,.2699999809265137,-34.63314628601074,298.30002,-.11610173
484009006,-111.760009765625,768.1043701171875,857.5501403808594,90.85388565063477,245.4896583557129,2409.1001,.10190098
484010001,-61.98001098632813,49.90509128570557,16.12423038482666,8.16042160987854,30.92957210540772,236.10001,.13100199
484010004,-28.88001251220703,34.86605834960938,22.74629163742065,5.67360246181488,18.90384817123413,128.90001,.14665513
484010005,-164.0400390625,272.0356979370117,257.6423110961914,38.23893070220947,145.6155815124512,1793,.081213377
484010007,-101.9099731445313,153.0198097229004,138.0436325073242,7.888839960098267,74.73263549804688,1041,.071789272
484010008,-25.62999725341797,12.19267225265503,12.05485033988953,2.13564395904541,24.51781845092773,130.2,.18830889
484010012,-24.33001708984375,28.55767631530762,71.23950576782227,2.109999895095825,60.50184631347656,403.80002,.14983121
484010014,-17.54999542236328,4.320407629013062,4.957111716270447,.8800000548362732,17.88669967651367,86.5,.20678265
484010016,-17.72999954223633,3.760807275772095,5.054548144340515,5.845617532730103,23.23935747146606,72.599998,.32010135
484010017,-19.45000457763672,10.44913220405579,8.317411303520203,.60999995470047,16.69828319549561,52.600002,.31745785
484010018,-17.38000106811523,2.656663149595261,2.992323696613312,4.785142421722412,21.17080402374268,54.400002,.38916919
484010020,-17.88000106811523,6.019327282905579,5.449892520904541,2.772986650466919,19.06355285644531,57.900002,.32924962
484010023,-48.64000701904297,26.15594577789307,10.39783596992493,0,26.61189651489258,156.3,.17026165
484010027,-8.870000839233398,4.230000019073486,1.558002948760986,.529090017080307,6.257093876600266,26.1,.23973539
484010028,-14.20000457763672,2.708201467990875,2.560322374105454,1.563403069972992,14.31552791595459,48.600002,.29455817
484010032,-26.15000915527344,14.20577049255371,14.43688583374023,8.411576747894287,31.3827018737793,154.90001,.20259975
484010035,-16.29999923706055,5.682416439056397,7.657275915145874,3.666982531547546,19.90184116363525,55,.36185166
484010037,-14.4900016784668,1.899999976158142,2.418460428714752,.6327469050884247,14.67120885848999,36.200001,.40528199
484010038,-9.390003204345703,8.079560279846191,7.18483829498291,2.456230938434601,9.221512079238892,71.400002,.12915283
484011003,-65.97003173828125,10.76510679721832,29.49224758148193,9.430862903594971,81.9980354309082,439.30002,.18665612
484011004,-20.87001037597656,12.74859285354614,8.170000076293945,1.029999971389771,13.27141714096069,179.60001,.0738943
484011005,-25.36000061035156,5.103052020072937,20.39441204071045,1.930000066757202,37.37136077880859,236.60001,.15795165
484011007,-57.030029296875,110.547607421875,149.5842514038086,11.95753335952759,77.25420570373535,1358.3,.056875657
484011009,-41.14999389648438,4.650000095367432,4.740000247955322,1.380000114440918,36.33999443054199,215.7,.1684747
484011014,-55.66998291015625,14.94204902648926,18.50059843063355,4.744248509407044,55.32278060913086,398.39999,.1388624
484011015,-71.45001220703125,87.35464859008789,45.50919055938721,2.850000143051148,20.244553565979,523.40002,.038678933
484011016,-14.06000137329102,.5837645009160042,4.094179749488831,2.259870767593384,18.81028747558594,68.400002,.27500421
484011017,-137.22998046875,87.76043701171875,204.6674499511719,12.00238561630249,232.8893890380859,1584.1,.14701685
484011018,-18.80000305175781,2.160000085830689,2.299999952316284,.949999988079071,17.48000240325928,118.7,.14726202
484011020,-79.489990234375,276.442741394043,340.1477584838867,30.95031642913818,88.24532127380371,3762.7,.02345266
484011023,-136.8199768066406,18.14304447174072,20.06229591369629,11.1340491771698,139.8532752990723,535.79999,.26101768
484011027,-100.9500122070313,93.37321281433106,32.04628849029541,31.43500757217407,53.96809673309326,878.10004,.061460078
484011030,-84.23001098632813,7.210842370986939,17.26333904266357,1.070000052452087,89.50251007080078,318.20001,.28127751
484011031,-32.69000244140625,7.408615469932556,48.48411083221436,18.52319073677063,85.17868804931641,326,.26128432
484011032,-6.520004272460938,8.320797443389893,28.96914291381836,13.85168409347534,35.28003406524658,161.7,.21818203
484011033,-45.71002197265625,14.72405862808228,16.86738348007202,1.629999876022339,41.7933464050293,303.60001,.13765924
484011037,-81.1400146484375,19.47361040115356,13.02834129333496,2.649999856948853,66.71474647521973,454.5,.14678712
484011039,-24.02999877929688,.9099999666213989,5.762555360794067,3.240000009536743,29.2425537109375,138.5,.21113758
484011042,-167,13.28788757324219,22.74744415283203,10.52753639221191,177.7770919799805,561.20001,.31678027
484011044,-18.35000610351563,4.092817842960358,20.57669973373413,2.366655886173248,32.70054435729981,159.60001,.20489062
484011046,-87.96000671386719,7.004742622375488,6.949999809265137,7.113152980804443,90.07841873168945,293.10001,.30732998
484012001,-234.210205078125,277.2408599853516,272.8089218139648,15.64411878585815,170.252384185791,2699.1001,.063077465
484012005,-3.909999847412109,.9298458397388458,2.933809399604797,3.107325971126556,8.521289348602295,20,.42606446
484012011,-41.28999328613281,43.13027000427246,20.04677772521973,.9800000786781311,13.63650095462799,224,.060877237
484012012,-17.59999084472656,6.786333084106445,1.72000002861023,.3100000023841858,7.073657512664795,148.2,.047730483
484012021,-27.25,13.90467643737793,22.16835594177246,3.507383584976196,34.89106273651123,238.60001,.14623244
484012023,-14.37000274658203,4.145003020763397,11.67150449752808,.5300000309944153,21.11650466918945,82.700005,.25533861
484012027,-30.8699951171875,5.279721736907959,5.942538499832153,6.43422532081604,35.69703674316406,99.099998,.3602123
484012028,-53.52001953125,26.35632610321045,23.65090274810791,.1799999922513962,40.70459699630737,325.60001,.12501411
484012029,9.239990234375,105.0695838928223,133.112678527832,3.900853395462036,4.233957290649414,603.10004,.0070203235
484012032,-34.02000427246094,7.905970573425293,12.10077321529388,.3600000143051148,36.31480693817139,111.7,.32511017
484012034,-25.3800048828125,2.019999980926514,18.03112316131592,8.504324674606323,46.31545257568359,127.3,.36382917
484012035,-6.540008544921875,121.1691446304321,46.21420288085938,14.57869005203247,-66.60624599456787,398.80002,-.16701666
484012038,-.540008544921875,46.93684387207031,66.96104049682617,3.809999942779541,14.58420550823212,373.20001,.039078791
484012039,-14.89999771118164,4.569746971130371,4.975118279457092,.5800000429153442,14.15536880493164,78.099998,.18124673
484012045,-10.33000183105469,1.825131863355637,3.396737933158875,1.371537387371063,11.79314565658569,66.400002,.17760761
484012046,-18.36000061035156,16.12031221389771,6.802277803421021,.2700000107288361,5.511966347694397,146.3,.037675776
484012048,-43.33000946044922,35.63271236419678,16.39458513259888,2.906480252742767,23.50836277008057,166.60001,.14110662
484012050,.2399978637695313,12.26426887512207,16.60542011260986,3.375576496124268,4.696729958057404,106.2,.044225328
484012051,-18.26999664306641,5.108821392059326,7.567747831344605,0,17.78892278671265,102.5,.17355047
484012052,-5.799995422363281,6.502800226211548,1.639999985694885,0,-2.002804815769196,89.099998,-.022478169
484012053,-40.40999603271484,5.210000038146973,9.086592435836792,.9463640153408051,41.81295204162598,165.7,.2523413
484012055,-29.55999755859375,35.45184421539307,16.73988962173462,6.14587676525116,7.983919382095337,347.89999,.022948893
484012058,-49.44999694824219,44.56729316711426,4.868849039077759,16.15442204475403,19.26597428321838,193.2,.099720366
484012066,-21.40998840332031,14.56699228286743,32.96498012542725,2.143629789352417,37.29160594940186,170.7,.21846284
484012067,-2.69000244140625,2.122095882892609,3.77179491519928,3.543968856334686,6.413670301437378,62.600002,.1024548
484012071,-3.69000244140625,.6299999952316284,2.802283883094788,.0099999997764826,2.442286312580109,88.099998,.027721751
484012072,-15.73000335693359,2.943854987621307,7.449649453163147,4.131286978721619,23.19708490371704,71.800003,.32307917
484013002,-11.64999389648438,2.910000085830689,10.28404664993286,0,14.33404064178467,116,.12356932
484013008,-11.80000305175781,11.07810425758362,20.51657629013062,.0799999907612801,17.89847469329834,149.7,.11956229
484013012,-20.20999908447266,1.549999952316284,12.10759449005127,.2000000029802322,27.66759395599365,99.599998,.27778709
484013013,6.799995422363281,2.729999780654907,22.49705696105957,.1799999922513962,11.34706199169159,81.400002,.1393988
484013014,-6.600002288818359,2.627301096916199,4.871581673622131,0,7.734282732009888,57.400002,.1347436
484013015,-13.56000137329102,1.039999961853027,7.569780588150024,.3799999952316284,18.27978229522705,63.900002,.28606859
484013018,-6.430000305175781,4.203842639923096,4.198263049125671,2.030986130237579,6.685406923294067,64.900002,.10301089
484013019,-9.599998474121094,18.33903980255127,11.18581986427307,1.149999976158142,.1467785835266113,122.6,.0011972152
484013022,1.239997863769531,10.47799026966095,8.405318260192871,.2000000029802322,-3.962669879198074,38.100002,-.10400708
484013023,-6.57000732421875,5.302014589309692,13.77460432052612,6.940234005451202,19.83283090591431,101.8,.19482152
484013024,-8.640003204345703,.9699999690055847,9.836771965026856,.2699999809265137,15.82677507400513,52.400002,.30203769
484013027,-17.85000610351563,1.744470745325089,7.937985420227051,0,22.37351989746094,89.800003,.24914832
484013028,-24.6099853515625,34.93481636047363,22.31794929504395,.855351522564888,8.618469715118408,339.89999,.025355898
484013030,-16.69000244140625,11.96918630599976,25.84094715118408,10.41269969940186,30.10446357727051,260.10001,.11574188
484013031,-7.770000457763672,1.439999938011169,5.799304604530335,.3899999856948853,11.15930509567261,48.299999,.23104152
484013034,-5.460000991821289,1.567540273070335,2.764719426631928,0,5.927180051803589,31.200001,.18997371
484013038,-7.819999694824219,.9100000262260437,1.362194448709488,0,7.372194290161133,27.9,.26423636
484013048,40.75,143.0909652709961,209.1321792602539,3.735959649085999,4.097173415124416,880.79999,.0046516503
484013049,-9.860000610351563,1.353913933038712,4.546695947647095,1.696970894932747,13.38975334167481,53.600002,.24980882
484013050,71.93999481201172,14.00215291976929,70.19791412353516,1.935971081256867,-14.88826274871826,96.700005,-.15396342
484013052,-14.90000152587891,3.193519115447998,6.96320378780365,0,16.18968629837036,67.900002,.23843426
484013053,-6.220001220703125,1.330000042915344,18.03053617477417,.6200000047683716,20.91053676605225,101.4,.2062183
484013054,-2.670001983642578,1.589999914169312,11.37120676040649,.1400000005960465,10.68120861053467,44.900002,.23788883
484013056,-3.540000915527344,6.83342444896698,3.76309859752655,.0799999982118607,-.6303249597549439,46.799999,-.013468483
484013062,4.42999267578125,10.15845489501953,64.21358299255371,1.139999985694885,45.41513538360596,226.90001,.20015484
484013067,-11.53000259399414,1.769999980926514,1.910964250564575,0,10.90096712112427,51.100002,.21332616
484013068,19.81999206542969,12.92000007629395,66.80134582519531,.2499999850988388,31.10135269165039,138.10001,.22520892
484013070,-6.229999542236328,2.559999942779541,7.252366542816162,.7187402434647083,11.07110619544983,40.299999,.27471727
484013071,-17.61000061035156,9.253063678741455,8.70064640045166,0,14.98758363723755,106.5,.14072849
484013072,-7.260002136230469,3.300000190734863,7.574158668518066,0,9.814160823822022,79.700005,.12313877
484013074,-4.95001220703125,45.44307899475098,50.9316577911377,.550000011920929,2.678591251373291,324.20001,.0082621565
484013075,-8.160003662109375,43.9480152130127,83.57620620727539,.8400000333786011,37.25819492340088,420,.088709988
484013078,-9.219997406005859,2.190000057220459,2.474156737327576,0,8.624154329299927,69.099998,.12480687
484013080,3.269996643066406,8.751220226287842,7.931401252746582,.2599999904632568,-4.709815502166748,49.100002,-.095922917
484013081,-1.459999084472656,3.758373945951462,18.18859958648682,.2700000107288361,14.30022430419922,82.5,.17333606
484014006,-39.8800048828125,9.996973872184753,12.96631908416748,6.651304006576538,44.35065269470215,213.90001,.20734292
484014013,-29.31999206542969,5.269999980926514,21.96718788146973,7.905947208404541,49.9431266784668,179.7,.27792501
484014016,-15.29000091552734,11.4401535987854,6.410000324249268,4.764942944049835,12.58479046821594,117.3,.10728721
484014018,-29.14999389648438,9.156846284866333,22.20349597930908,10.58855390548706,47.79519844055176,212.7,.2247071
484014024,-13.48999786376953,2.480000019073486,5.043885827064514,1.840000033378601,15.59388399124146,94.900002,.16431911
484014033,-17.81000518798828,1.120000004768372,7.084192037582398,3.184417724609375,25.6286153793335,78.700005,.32564947
484014037,-12,4.283731818199158,8.620082139968872,5.649006128311157,20.14535713195801,78.900002,.2553277
484014038,-3.059999465942383,.4630392789840698,1.726435780525208,.6722981929779053,4.625694274902344,16.9,.27370971
484014039,-1758.7001953125,1781.606201171875,841.6975708007813,127.2995567321777,753.5011444091797,7659.7002,.098372146
484014046,-6.610000610351563,3.259999990463257,13.86115407943726,4.181087970733643,19.28224325180054,88.599998,.21763255
484014049,-.4400005340576172,1.2666977327317,2.770129889249802,1.147498697042465,2.25093138217926,29.1,.077351592
484014053,-37.05999755859375,47.62258052825928,24.94712924957275,2.980000019073486,5.694547653198242,424.89999,.013402089
484014057,-1.30000114440918,.6599999666213989,.5399999618530273,.2999999821186066,1.060001134872437,13.400001,.079104558
484014061,-11.40999984741211,1.152603715658188,4.32517945766449,.449999988079071,14.51257514953613,48,.30234531
484014067,100.030029296875,89.61604690551758,173.2150268554688,13.32000064849854,-16.15104866027832,542.79999,-.029755065
484014070,98.18000793457031,53.52604293823242,79.7491340637207,1.650000095367432,-76.53691673278809,159.2,-.48075953
484014079,-8.920001983642578,1.687307327985764,4.975245833396912,.6399999856948853,11.15794086456299,46.400002,.24047285
484014083,-6.360000610351563,6.96366548538208,9.050828337669373,8.381235957145691,11.7783989906311,183.8,.06408269
484014085,-34.96000671386719,5.101145744323731,9.899128675460815,16.81912648677826,51.9271183013916,166.10001,.31262562
484014097,112.8399963378906,14.52094233036041,51.6020770072937,15.45598220825195,-68.36287689208984,274.39999,-.24913585
484014098,128.3599853515625,295.8906936645508,370.5272827148438,42.50067806243897,-44.12272262573242,1444,-.030555902
484014100,-8.799995422363281,6.876875936985016,16.36485862731934,3.149553894996643,18.52753162384033,114.5,.1618125
484014101,383.8699951171875,85.4205322265625,355.6263046264648,19.13529920578003,-113.3389205932617,711.40002,-.15931813
484014114,-8.630001068115234,5.473509311676025,5.220231771469116,3.116807103157044,10.22353076934815,60.100002,.17010866
484014120,241.48974609375,596.0446166992188,1067.532073974609,105.7287788391113,271.6064987182617,3341.9001,.081273071
484014121,-22.13999938964844,3.28000020980835,13.39936399459839,.6000000238418579,29.96936225891113,112.8,.26568583
484014124,7.75,6.827648162841797,22.80319404602051,2.72000002861023,6.725546360015869,156.3,.043029726
484015001,-1.670013427734375,5.199999809265137,15.58323907852173,.5899999737739563,4.583252668380737,168.8,.02715197
484015005,-13.77999877929688,63.46290493011475,24.63448333740234,.2800000011920929,-40.42842167615891,332.39999,-.12162582
484015011,-1313.4697265625,3600.270874023438,3653.29638671875,93.64870071411133,1051.523956298828,17302.5,.060772948
484015023,10.87999725341797,4.710000038146973,17.26262044906616,.0899999961256981,-1.277376800775528,103.8,-.012306134
484015024,773.1201171875,324.5501976013184,2010.428588867188,8.029999732971191,852.1382827758789,3195.2,.26669326
484015025,594.2099609375,135.1310939788818,703.4615173339844,3.880000114440918,-62.54953765869141,1230.7001,-.050824355
484015031,-7.830001831054688,3.799999952316284,2.701882004737854,.0199999995529652,2.451883792877197,77.800003,.031515215
484015044,14.84999847412109,2.209229350090027,13.89033269882202,.119999997317791,-4.298895239830017,37.900002,-.11342731
484015052,71.1500244140625,111.6360015869141,300.7618637084961,15.92175436019898,119.4575910568237,683.29999,.17482452
484015055,-636.18994140625,1161.111907958984,577.6761474609375,11.34000015258789,-24.31582641601563,3821.3,-.006363234
484015057,120.260009765625,50.7660608291626,190.5236663818359,1.590000033378601,-.3724040985107422,837.29999,-.00044476782
484015061,-11.11000061035156,3.75,6.543318748474121,.0599999986588955,9.933319091796875,91.5,.10856087
484015064,6.860000610351563,3.350000143051148,10.87977147102356,.320000022649765,-4.230229139328003,165.60001,-.025544861
484015071,-68.46002197265625,61.85159492492676,7.874986410140991,.0099999997764826,-11.80658721923828,497.70001,-.023722297
484015072,9.669998168945313,3.429999828338623,5.005140542984009,.0499999970197678,-9.524857521057129,57,-.16710277
484015073,18.60000610351563,11.53999996185303,73.79558181762695,.5100000500679016,39.68557739257813,178,.22295268
484015077,-11.73000335693359,3.64024829864502,4.57504403591156,1.282958477735519,11.0977578163147,84.400002,.13149002
484015078,45.33001708984375,50.56232357025147,182.7163848876953,.3499999940395355,71.92404434084892,565.29999,.12723164
484015091,2.360000610351563,1.379999995231628,4.540788054466248,.793949231505394,-.1752632856369019,52.5,-.0033383484
484015092,6.860000610351563,.9700000286102295,9.226146936416626,0,-.3138536214828491,87.300003,-.0035951158
484015096,7.999984741210938,8.931011199951172,27.98380374908447,3.11859230697155,8.541399955749512,183.40001,.046572518
484015098,-.6500091552734375,7.389999866485596,17.34416723251343,.1400000005960465,6.624176263809204,152.60001,.043408755
484015100,138.550048828125,391.669189453125,492.2935180664063,16.20605611801148,-85.69966316223145,2234,-.038361531
484015101,-.3100013732910156,.5699999928474426,7.263738870620728,1.298459112644196,7.322199583053589,38.400002,.19068228
484015107,-25.91999816894531,7.26037323474884,17.30646800994873,.0600000023841858,23.68609285354614,210.5,.112523
484015108,16.40999603271484,2.920000076293945,14.00861501693726,0,-8.341380953788757,121.7,-.068540514
484015111,17.07998657226563,29.77817058563232,19.21999931335449,.4799999892711639,-39.36815810203552,362.60001,-.10857186
484015113,16.219970703125,134.9950485229492,147.0300464630127,1.059999942779541,-10.66497308015823,314.80002,-.033878565
484016001,-2.329999923706055,1.519999980926514,2.526888370513916,.320000022649765,2.706888318061829,30.300001,.089336246
484016004,-91.3900146484375,35.73886489868164,32.19602775573731,14.24794483184815,94.85512542724609,443.70001,.21378212
484016008,-15.28999710083008,3.604232132434845,2.974411249160767,1.356847882270813,13.71702384948731,70.099998,.19567795
484016018,-3.290000915527344,.6200000047683716,1.872204571962357,.3799999952316284,4.192205429077148,29.6,.14162856
484016019,-9.479999542236328,.699999988079071,1.990000009536743,4.053889989852905,12.76388931274414,73,.1748478
484016031,-4.229999542236328,.7007394134998322,5.753137230873108,1.857243716716766,9.979640960693359,41.299999,.2416378
484016032,-13.04000091552734,4.17725145816803,8.655803203582764,2.331034600734711,17.74958753585815,65.400002,.27140042
484016041,-10.79000091552734,.5600000023841858,3.643922209739685,1.529999971389771,13.86392307281494,53.799999,.25769374
484016042,7.539993286132813,6.070229291915894,42.31696510314941,15.01798224449158,38.16472387313843,163.90001,.2328537
484016044,-28.72000122070313,4.781154990196228,10.7658486366272,4.655556082725525,34.72025108337402,187.2,.18547143
484016045,-2.049999237060547,1.419257521629334,3.904739141464233,1.604843378067017,5.410324335098267,34.799999,.15546909
484016046,-4.680000305175781,.6014420241117477,8.118318676948547,4.927143275737763,15.82401967048645,52.5,.3014099
484016049,-27.77999877929688,8.398849606513977,15.46864318847656,1.730000019073486,30.46979141235352,214.7,.14191799
484016050,-58.1300048828125,100.5525665283203,132.2639465332031,4.940000057220459,80.6813850402832,592.40002,.1361941
484016051,-120.41015625,263.0237426757813,380.8682556152344,42.02413940429688,228.7388153076172,2247.8,.10176119
484016052,-16.03000068664551,2.508898198604584,1.192586362361908,4.240569114685059,18.14425754547119,46.5,.3901991
484016054,-10.41999816894531,1.69958370923996,3.817476034164429,.5999999642372131,12.08789014816284,75.599998,.15989272
484016059,.2199974060058594,3.084693074226379,3.384006261825562,.0999999940395355,-1.520684234797955,45.400002,-.033495247
484016065,-37.81999969482422,1.019999980926514,4.124902009963989,6.544952988624573,45.90985488891602,100.9,.4550035
484016072,-29.760009765625,24.39621925354004,15.96241354942322,9.068265438079834,24.74446934461594,207.10001,.11948077
484016074,-16.87000274658203,2.150000095367432,7.574224233627319,2.906293272972107,23.82052040100098,70.200005,.33932364
484016079,-31.80999755859375,11.50715780258179,11.78858137130737,13.33947825431824,38.58089923858643,193.2,.1996941
484016082,-34.62000274658203,4.415758490562439,4.560954570770264,.9199999570846558,32.44519805908203,137,.23682626
484016090,-7.050003051757813,1.56391054391861,9.48794960975647,1.228902468457818,12.76294469833374,77,.16575253
484016091,-21.60000038146973,.9200000166893005,.1499999910593033,5.397658705711365,25.35765933990479,50,.50715321
484016092,-5.529998779296875,2.380000114440918,3.126168549060822,4.550729393959045,9.546896696090698,45.5,.20982191
484016094,-17.40000152587891,6.043495535850525,3.953527927398682,1.429999947547913,12.13003396987915,110.9,.10937812
484016099,-64.78997802734375,75.20782470703125,115.262866973877,18.71966457366943,99.93468475341797,907,.11018157
484016101,-11.01000213623047,.9800000190734863,3.504308104515076,2.059999942779541,14.35431051254273,72.300003,.19853817
484016105,-67.11004638671875,84.75572013854981,52.71959495544434,5.590000152587891,26.47392320632935,611.10004,.043321751
484016109,-8.100006103515625,25.16157054901123,41.01432228088379,6.037670373916626,14.13042831420898,414.80002,.034065641
484017001,-6.229999542236328,6.581957221031189,8.214907169342041,1.166147708892822,7.689096927642822,56,.1373053
484017002,2.350002288818359,1.259999990463257,10.73305654525757,1.465039722621441,7.618094205856323,42.5,.17924927
484017004,10.02998352050781,6.529999732971191,49.66263198852539,4.831701278686523,33.04434967041016,209.40001,.15780491
484017006,-3.94000244140625,52.34312629699707,108.4831123352051,10.46631574630737,56.16630554199219,522.20001,.10755707
484017007,-69.6300048828125,360.0970916748047,335.7428283691406,59.35373592376709,70.50947764515877,1342.4,.052524939
484017008,55.21000671386719,22.2553563117981,55.03164196014404,4.393936634063721,-21.85978412628174,143.2,-.15265213
484017009,9.520000457763672,2.779999971389771,5.815633773803711,0,-7.734366416931152,43.5,-.17780152
484017011,150.8000183105469,41.10288047790527,165.3651809692383,12.28181219100952,-25.46590542793274,468.60001,-.054344654
484017012,-17.03999328613281,38.44466972351074,31.10959148406982,2.561457872390747,7.006373047828674,205.7,.034061123
484017014,-1.290000915527344,1.350000023841858,1.309999942779541,.7775955349206924,1.28759640455246,30.800001,.041805077
484017015,-7.069999694824219,5.529374837875366,12.61240172386169,.5,12.02302646636963,79.400002,.1514235
484017016,-8.830001831054688,3.009141564369202,3.629842281341553,.109999991953373,8.090702533721924,53,.15265477
484017017,-7.600006103515625,10.71907758712769,24.1339225769043,6.206462621688843,22.39131307601929,179.60001,.12467323
484017018,1.989990234375,49.74116516113281,57.63312339782715,13.80064201354981,10.54260993003845,288.20001,.036580879
484017019,.2099990844726563,2.913890480995178,6.702088356018066,.75,2.758198797702789,79.900002,.034520634
484017024,-10.67001342773438,4.416001588106155,17.30647373199463,3.092957496643066,23.2734432220459,144.60001,.1609505
484017025,-16.69999694824219,7.110920667648315,6.955339431762695,1.581270575523377,15.82568597793579,109,.14518978
484017028,32.49999237060547,8.017951965332031,30.07572746276856,2.34034788608551,-12.08186864852905,114.7,-.10533451
484017029,24.989990234375,25.53001976013184,71.88619613647461,8.252477884292603,21.80866420269013,258,.084529705
484017030,-.1400070190429688,15.6431872844696,25.12886190414429,.75,7.475681304931641,111.2,.067227349
484017031,-7.460006713867188,14.09279823303223,28.85093688964844,1.503387451171875,20.05153274536133,135.5,.14798179
484018001,-18.13001251220703,15.97882604598999,23.08894777297974,4.139758765697479,24.96989393234253,139.40001,.17912404
484018002,-15.81000137329102,23.7226220369339,4.187616586685181,1.289999961853027,-4.095004081726074,61.900002,-.066155151
484018004,6.779998779296875,51.5048246383667,86.55684661865234,20.66655349731445,40.26857757568359,391,.10298869
484018005,-5.990001678466797,2.240617513656616,.8197862207889557,.0199999995529652,3.129170417785645,33.400002,.093687735
484018006,-20.94000244140625,11.93607974052429,16.42359924316406,4.12575364112854,27.04327583312988,98.5,.27455103
484018008,11.23000335693359,7.524865627288818,33.22626876831055,.4399999976158142,12.47140002250671,108.6,.11483794
484018009,-8.410003662109375,1.399999976158142,.8089127838611603,1.633363977074623,6.932280778884888,72.900002,.095093012
484018010,-28.54000091552734,6.547816276550293,8.431455850601196,2.238156676292419,29.2717981338501,136,.2152338
484018012,-35.94000244140625,15.86170721054077,20.18753719329834,1.319206774234772,38.43503952026367,171.3,.22437267
484018013,-5.820001602172852,2.542952716350555,.9999999403953552,2.148947179317474,5.795995950698853,30.700001,.18879466
484018014,-7.930004119873047,4.493017792701721,5.61175799369812,4.208445429801941,11.70718955993652,69.300003,.16893491
484018015,-68.32000732421875,63.40289497375488,42.57617568969727,9.112745046615601,49.31603240966797,402.5,.12252431
484018016,-39.40000915527344,18.59183979034424,12.94872140884399,3.485597848892212,33.00248908996582,177.10001,.18634945
484018017,-3.550048828125,151.7900772094727,186.78369140625,19.90595149993897,32.46961402893066,1044.5,.031086275
484018018,-39.24000549316406,19.94376564025879,9.225779056549072,1.952099621295929,27.54411888122559,138.8,.19844465
484018019,-2.680000305175781,47.51926708221436,1.882796585559845,1.230000019073486,-42.97646832466126,36.200001,-1.1871952
484019003,-7.860000610351563,.2700000107288361,3.848450928926468,.8920553177595139,12.11050653457642,16.700001,.72517997
484019004,-5.020004272460938,14.58535647392273,15.35105037689209,2.251657485961914,6.187355756759644,101.4,.061019287
484019006,522.8799438476563,109.1387710571289,759.8767395019531,1.809999942779541,118.0880165100098,547.20001,.21580411
484019009,17.89999389648438,44.22561264038086,54.52539157867432,3.969276070594788,-8.160940170288086,250.10001,-.032630708
484019013,-10.83000183105469,4.911623239517212,4.373411417007446,.5799999833106995,9.791789770126343,51,.19199587
484019014,-33.80001068115234,6.727530717849731,8.780878186225891,1.339366585016251,34.81272506713867,131.40001,.26493701
484019017,-38.43000793457031,19.87460422515869,5.969225406646729,.3299999833106995,22.35462951660156,166.90001,.13394025
484019022,-15.43000030517578,3.916532516479492,4.93414831161499,.5299999713897705,15.61761569976807,72,.21691133
484019026,-52.85009765625,518.24169921875,430.5948944091797,21.40673589706421,-55.55997276306152,2589,-.021460013
484019033,-22.27000427246094,14.90264701843262,27.35288333892822,2.042109608650208,32.24235153198242,256,.12594669
484019034,-.4600000381469727,.8139240480959415,4.023580551147461,.3753255158662796,3.794982075691223,16.4,.23140135
484019035,-2.320000171661377,.0099999997764826,1.086728721857071,.1899999976158142,3.45672881603241,6.8000002,.50834244
484019036,-5.770000457763672,2.149007737636566,.5502208024263382,.5980149805545807,4.399228572845459,24.4,.18029626
484019038,-36.59999084472656,90.25023078918457,21.04552364349365,3.101706206798554,-33.28301239013672,217.2,-.1532367
484019039,-1006.580078125,1913.34033203125,708.0296325683594,22.1154465675354,-280.1751861572266,5161.1001,-.054285944
484019041,2.439998626708984,5.901353001594544,11.33579778671265,.1000000014901161,2.244446218013763,36.200001,.062001277
484019042,-4.660001754760742,4.178335189819336,3.012969017028809,.4899999797344208,3.584635496139526,25.6,.14002483
484019044,-9.890007019042969,3.859999895095825,13.76120138168335,2.240000009536743,19.38120841979981,127.3,.15224829
484019046,-236.760009765625,378.9029541015625,699.7299499511719,17.81758499145508,543.9446029663086,2184.2,.24903609
484019047,-.5,2.769999980926514,2.508660018444061,.0899999961256981,-.7813400030136108,50,-.015626799
484019049,4.55999755859375,336.5393514633179,29.60252857208252,.4799999892711639,-313.626806974411,129.2,-2.4274521
484020002,-41.95999908447266,6.99669086933136,6.594304800033569,2.200235605239868,38.76784896850586,166.7,.23256059
484020016,-4.680001258850098,1.440000057220459,.2800000011920929,0,3.180001139640808,18.200001,.17472532
484020021,-8.490001678466797,2.559999942779541,7.644992828369141,0,11.73499488830566,53.400002,.21975645
484020023,-1.880001068115234,1.860000014305115,5.1906418800354,0,4.260642945766449,43.700001,.097497545
484020036,-2.799999237060547,.9800000190734863,.9075014293193817,0,2.267500638961792,19.5,.11628208
484020039,3.649993896484375,12.02999973297119,30.04393196105957,6.421063899993897,15.93500196933746,157.60001,.10111041
484020041,1.3699951171875,14.37362384796143,10.05243468284607,.1299999952316284,-11.80118417739868,96.800003,-.12191305
484020044,-33.06999206542969,26.51007175445557,27.2003116607666,.4600000083446503,29.1902322769165,165.7,.17616314
484020067,-87.9100341796875,344.6040191650391,186.1271667480469,6.460000038146973,-99.02682113647461,999.10004,-.09911602
484020072,-2.040000915527344,.2800000011920929,1.391268581151962,.3051018975675106,3.006371438503265,17.6,.17081656
484020079,-8.980010986328125,38.9845666885376,92.93061447143555,.4099999964237213,55.65605878829956,296.30002,.18783684
484020102,-3.140000343322754,.1400000005960465,1.194848120212555,.0599999986588955,3.984848499298096,12.5,.31878787
484020107,16.63999938964844,2.494030773639679,14.38356828689575,.8031497597694397,-5.217311978340149,32.400002,-.16102815
484020131,-4.110000610351563,.1799999922513962,2.267317084595561,.2599999904632568,5.687317609786987,30.700001,.18525463
484020134,-1.5,1.259999990463257,3.07542759180069,0,1.235427558422089,66.400002,.018605836
484020176,-6.350000381469727,4.590000152587891,6.207893431186676,0,6.48789370059967,35.200001,.18431516
484020183,-18.30001831054688,134.5135555267334,127.2258491516113,.8500000238418579,-1.70768928527832,486.30002,-.0035115962
484020193,-1.269999980926514,0,.3290046527981758,.3752547651529312,1.784259378910065,5.9000001,.30241683
484020197,-10.16999816894531,2.559999942779541,3.538247227668762,0,7.818245649337769,98.599998,.079292551
484020222,.2299998998641968,0,.157291691750288,0,-.1227082051336765,1.2,-.10225683
484020252,-8.149999618530273,.2100000083446503,1.109655618667603,.0299999993294477,8.509654998779297,20.4,.41713995
484020277,-25.91999816894531,2.620000123977661,12.0548586845398,0,31.65485668182373,119,.26600718
484020288,-.6400003433227539,0,.273307342082262,.0628645941615105,.8461722582578659,4.2000003,.20146957
484020291,-1.680000066757202,0,.1009056661278009,0,1.730905771255493,5.0999999,.33939329
484020317,11.05000305175781,13.08298945426941,26.14264965057373,.5200000405311585,-1.670343399047852,90.599998,-.018436462
484020323,3.899993896484375,10.94492387771606,10.22036528587341,.1899999976158142,-9.554552793502808,98.200005,-.097296864
484020365,-4.470001220703125,.2999999821186066,1.042302856221795,0,4.632304191589356,16.700001,.27738348
484020374,3.289999008178711,1.377311497926712,10.62542915344238,0,5.498118534684181,21.6,.25454253
484020377,-4.430000305175781,.2600000202655792,.4656080454587936,.2652781307697296,4.510886430740356,13.400001,.33663329
484020384,44.44000244140625,13.46476411819458,54.14699840545654,2.409235626459122,-4.528532981872559,136.7,-.033127528
484020385,-6.930000305175781,.449999988079071,.0199999995529652,0,4.150000214576721,43,.096511632
484020398,27.28000068664551,1.509999990463257,17.80362939834595,.7642250061035156,-11.10214638710022,23.800001,-.46647671
484020406,-1.430000305175781,.8200000524520874,2.744178891181946,.0500000007450581,2.904179215431213,20.200001,.14377125
484020412,51.15999603271484,17.74138450622559,28.12657737731934,.2300000041723251,-43.16480255126953,49.400002,-.87378138
484020453,-.9800004959106445,.0500000007450581,.2694394513964653,0,.9894399344921112,8.6000004,.11505115
484020468,-2.870000839233398,1.645986586809158,.559999942779541,0,1.174014210700989,22.9,.051266998
484020472,-3.590001106262207,.4699999988079071,.639998584985733,.0499999970197678,3.389999628067017,11.900001,.2848739
484020480,-7.100006103515625,64.0759060382843,25.04047060012817,.4599999785423279,-37.50542783737183,138,-.27177846
484020484,-1.71999979019165,.1800000071525574,.6175418943166733,0,1.927541673183441,8.6999998,.22155651
484020513,-22.29000854492188,23.91260433197022,10.24172878265381,0,2.869132995605469,196.3,.014616062
484020523,-3.210002899169922,1.96999990940094,5.348655939102173,.01999999769032,5.378659129142761,36.200001,.14858174
484020541,-1.830000400543213,0,.416722783818841,.2497237902134657,2.416446924209595,6.3000002,.38356298
484020555,-9.010002136230469,1.240000009536743,3.192278504371643,.0099999997764826,8.892280578613281,81.700005,.10884064
484020558,.2299997806549072,.6800000071525574,.8568160086870194,0,-.1131837666034699,3.8,-.029785203
484020565,-2.220000267028809,.0099999997764826,1.242461793124676,0,3.382462024688721,6.9000001,.49021187
484021002,-2.610002517700195,2.354748427867889,3.921166062355042,.0299999993294477,3.596420168876648,33.400002,.10767724
484021003,-3.720001220703125,2.943785429000855,10.96057558059692,7.8367600440979,15.72355175018311,97.300003,.16159868
484021019,-27.72000122070313,18.22215700149536,41.16384315490723,15.99274063110352,53.60442924499512,410.39999,.13061509
484021022,-6.430004119873047,.5799999833106995,3.409886777400971,.3899999856948853,8.329891204833984,38.600002,.21580027
484021043,-7.729995727539063,2.980000019073486,11.07950949668884,.119999997317791,10.83950483798981,145.7,.074396051
484021048,-10.88000106811523,1.409999966621399,1.269999980926514,.0299999993294477,8.820001125335693,58.200001,.1515464
484021067,-3.729999542236328,2.869999885559082,3.721857666969299,0,2.971857249736786,43.299999,.068634115
484021069,-12.97000122070313,.6700000166893005,3.855632901191711,3.786305069923401,17.27193927764893,88.800003,.19450381
484021073,-5.340000152587891,.4400000274181366,2.452845573425293,4.023450970649719,10.50629663467407,31.700001,.33142892
484021078,-2.290000915527344,.5600000023841858,1.634967148303986,0,1.974968016147614,34.100002,.057916947
484021083,-18.46000671386719,4.575040400028229,2.25,0,14.05496644973755,95.800003,.14671154
484021090,-2.530002593994141,.7635684022679925,4.490794658660889,.3799999952316284,5.167228937149048,44.600002,.11585715
484021099,-5.579998016357422,1.960000038146973,3.436182498931885,1.49496603012085,6.811146378517151,55,.12383903
484021112,-7.5,.8799999952316284,1.871520280838013,.6863173842430115,8.487837553024292,33.200001,.25565776
484021114,-86,601.325927734375,564.4283905029297,27.03602313995361,-49.31151580810547,5041.7002,-.0097807311
484021116,-13.38000106811523,1.449999928474426,.6499999761581421,0,10.59000110626221,58.799999,.18010207
484021132,3.970001220703125,19.20964479446411,33.96030998229981,1.029999971389771,2.210663795471191,399.5,.0055335765
484021150,-4.389999389648438,.7100000381469727,1.161685258150101,.119999997317791,4.401684522628784,22.4,.19650377
484021153,.2599983215332031,1.76661342382431,5.689761161804199,1.633006390184164,3.826155908405781,49.600002,.077140234
484021154,.32000732421875,19.68467044830322,11.3223283290863,.370000034570694,-13.59234893321991,166,-.08188162
484021156,52.09002685546875,47.76824951171875,83.47826766967773,2.950000047683716,-36.43000888824463,672,-.054211322
484021180,4.719993591308594,5.128263771533966,20.31528806686401,0,8.507030963897705,86.700005,.098120309
484021183,-7.200000762939453,1.17352905869484,1.363811850547791,.0700000002980232,4.990283489227295,56.5,.088323601
484021197,-24.82000732421875,12.98476767539978,19.90930271148682,.1599999964237213,24.80454158782959,229,.10831678
484021209,-5.030000686645508,.7599999904632568,2.616304397583008,.4973953664302826,6.703700542449951,30,.22345668
484021211,-3.920001983642578,3.715054035186768,5.138851404190064,0,4.083799481391907,43,.094972081
484022001,-15.30000305175781,17.26533699035645,10.32233476638794,1.783105432987213,3.820106267929077,157.8,.024208531
484022003,-11.76000213623047,1.340000033378601,3.960477828979492,2.892915725708008,16.38339614868164,45.700001,.35849881
484022004,-26.84999084472656,5.86991012096405,21.53906726837158,3.145480871200562,39.4346284866333,174.2,.22637559
484022005,-14.54000854492188,12.27585697174072,10.01193463802338,.4899999797344208,8.986086130142212,137.10001,.065544024
484022006,77.15000915527344,19.15431118011475,45.97269821166992,4.823039591312408,-49.98858165740967,179.8,-.27802324
484022010,-10.17000198364258,.6299999952316284,3.475330889225006,.8600000143051148,12.50533294677734,61.900002,.20202476
484022011,-22.10000610351563,17.66716527938843,19.85688257217407,.5600000023841858,19.7497239112854,216.2,.091349326
484022012,-18.24000549316406,19.22290372848511,13.98956823348999,1.222174361348152,10.01884399354458,167.60001,.059778303
484022013,-15.61000061035156,4.616681456565857,1.697862267494202,1.690601497888565,12.90178298950195,61.900002,.20842944
484022014,154.7998046875,178.082763671875,502.7382659912109,22.53616905212402,143.411865234375,2103.1001,.068190701
484022016,51.5,47.68765068054199,111.410758972168,4.531698703765869,3.164807319641113,538.29999,.0058792634
484022017,-5.790008544921875,15.62654638290405,19.02072095870972,.1599999964237213,5.604183197021484,158.10001,.035447076
484022018,-18.40999984741211,1.040811792016029,4.371504068374634,.4209155328571796,20.10160827636719,70,.28716582
484023001,706.60986328125,324.3529052734375,858.6431274414063,40.11248779296875,-184.777156829834,2309.3,-.080014355
484024001,-9.819999694824219,4.891672134399414,3.020667225122452,.4800000190734863,7.008994817733765,60.5,.11585116
484024008,-11.1300048828125,5.402486085891724,10.50551199913025,1.479999899864197,16.02303075790405,78.800003,.20333795
484024011,2.099990844726563,1.748892843723297,22.44048738479614,7.79482913017273,23.73643302917481,118.7,.19996995
484024013,-44.6600341796875,51.19388771057129,50.80258941650391,1.299999952316284,34.84873676300049,562.40002,.061964322
484024015,-9.44000244140625,5.152914941310883,3.962040603160858,.4800000190734863,7.269128084182739,77.800003,.093433522
484024016,-48.80999755859375,250.6886444091797,23.71793746948242,.7399999499320984,-182.7707042694092,290.89999,-.62829393
484024017,-21.04000091552734,3.644718647003174,9.821352601051331,4.04625278711319,29.6928882598877,90.5,.32809821
484024018,-1.720001220703125,2.630000114440918,5.476232051849365,.1500000059604645,3.266233146190643,47.600002,.068618342
484024020,-35.86001586914063,20.45802879333496,28.78015804290772,7.29486894607544,45.66701316833496,275.20001,.16594118
484024024,-40.47000122070313,31.74116039276123,28.13289833068848,4.588062405586243,34.18980216979981,304.10001,.11242947
484024028,-147.27001953125,401.6232299804688,332.3960418701172,17.75813055038452,40.51096248626709,2489.8,.01627077
484024030,-11.78000068664551,1.341996848583221,1.045944422483444,.4900000095367432,11.33394861221314,29.800001,.38033384
484024032,-16.81999969482422,11.45394706726074,14.01129460334778,2.019999980926514,18.1673469543457,122,.14891268
484024034,-6.369998931884766,7.609184145927429,6.170419812202454,0,3.991234540939331,46.5,.085832998
484024035,3.949951171875,16.97548389434815,252.0545654296875,2.299999952316284,224.7891349792481,604.40002,.37192112
484024036,-19.56999969482422,5.260099411010742,3.049999952316284,.4300000071525574,15.75990009307861,97.099998,.16230588
484024037,-31.26998901367188,75.55270576477051,16.37621784210205,0,-38.01649808883667,372.5,-.10205771
484024042,-6.430002212524414,.9199999570846558,2.429684519767761,1.676855325698853,8.926542282104492,29.800001,.29954839
484024044,-8.94000244140625,1.937650978565216,4.838329434394836,.0599999986588955,10.86068105697632,52.100002,.20845836
484024049,-26.22999572753906,6.695140719413757,6.808858990669251,.3899999856948853,24.34371471405029,124.1,.19616209
484024051,-12.3700008392334,1.509999990463257,4.907823264598846,3.277244567871094,18.20506906509399,43,.4233737
484024053,-22.97000122070313,9.523612976074219,12.6626467704773,1.38549154996872,23.00452613830566,160.90001,.14297405
484024054,-14.8900032043457,4.29342794418335,.6599999666213989,0,9.536575078964233,68.400002,.13942361
484025001,-70,283.788200378418,119.3618507385254,6.041850566864014,-113.8645009994507,1354.3,-.08407627
484025003,-41.38999938964844,10.59098505973816,15.21747291088104,.4899999797344208,41.226487159729,134.7,.30606154
484025005,-13.92000198364258,6.757909536361694,3.381482839584351,.2300000041723251,8.833575248718262,59.100002,.14946827
484025006,-260.8701171875,331.9940490722656,437.7949829101563,26.73960685729981,326.6206512451172,3243.4001,.10070316
484025007,5.939994812011719,24.91019630432129,12.23354244232178,.4599999785423279,-21.42664909362793,89.800003,-.2386041
484025008,22.06999969482422,16.02837610244751,54.96538519859314,.1900000125169754,14.75700950622559,110.2,.13391115
484025009,-20.18000793457031,16.85624694824219,11.37316083908081,.1500000059604645,10.17692220211029,185.3,.054921329
484025010,-49.510009765625,49.83865165710449,23.97145986557007,1.559999942779541,17.03281784057617,346.60001,.049142577
484025011,-147.0000610351563,180.8886680603027,107.3955383300781,4.539999961853027,55.73692989349365,1063.2001,.052423745
484025012,-73.9801025390625,230.5811996459961,150.8053550720215,11.17822980880737,-27.27751159667969,1448.7001,-.018828956
484025014,-35.90000915527344,23.49475049972534,20.37275171279907,.5699999928474426,28.60801029205322,188.90001,.15144525
484025015,-11.90999603271484,15.14151334762573,14.85218572616577,0,9.170668601989746,89.099998,.10292558
484025016,-69.31001281738281,118.2519073486328,17.5495343208313,1.159999966621399,-38.10236167907715,324.10001,-.1175636
484026002,28.45999145507813,14.96317052841187,63.89767456054688,3.149999856948853,17.52451276779175,177.3,.098841019
484026003,-16.61000061035156,8.636002063751221,6.40531849861145,.2800000011920929,11.7893168926239,95.200005,.12383736
484026008,-.3899998664855957,.75,.4120658040046692,.0199999995529652,-.027934342622757,5.0999999,-.0054773223
484026012,-10.41999816894531,8.840168476104736,3.365488290786743,.0299999993294477,3.005317986011505,84.599998,.035523854
484026018,-106.580078125,227.265739440918,131.6809043884277,7.46999979019165,-12.35475730895996,1425.3,-.0086681796
484026019,-15.12000274658203,11.62683057785034,12.66449785232544,1.230000019073486,14.13767004013062,123.8,.11419766
484026025,-26.28999328613281,28.05660724639893,48.55548763275147,.8999999761581421,43.35887336730957,194.2,.22326918
484026026,-39.82998657226563,17.35363006591797,25.76031970977783,.3700000047683716,41.42667675018311,308,.1345022
484026029,-56.760009765625,86.99100112915039,86.76714706420898,1.279999971389771,46.28615570068359,580.79999,.079693794
484026030,27.909912109375,225.432487487793,302.8827362060547,16.16766405105591,17.07800102233887,2133.3,.0080054374
484026033,-46.02001953125,50.8473596572876,13.78220319747925,.3199999928474426,2.514863967895508,304.10001,.0082698585
484026041,-6.189998626708984,6.812967896461487,17.78432655334473,.2599999904632568,16.05135774612427,56.5,.28409484
484026042,-44.18002319335938,64.85728263854981,45.80790138244629,1.300000071525574,12.35064196586609,532.60004,.023189338
484026043,33.5,64.85616874694824,138.3145904541016,15.38748502731323,40.04590606689453,513.40002,.078001373
484026048,-12.08999633789063,12.26306104660034,40.16942977905273,2.049999952316284,38.33636474609375,159.5,.24035339
484026055,-1.94000244140625,30.90095615386963,79.7168083190918,21.60126876831055,58.09712219238281,508.39999,.11427443
484027001,-9.839996337890625,22.94186115264893,20.1128134727478,0,2.100948691368103,193.10001,.010880107
484027002,-39.23004150390625,177.7921371459961,123.8010883331299,2.681532353162766,-30.37947463989258,695.10004,-.043705184
484027003,-.60003662109375,36.17696475982666,19.10805320739746,0,-25.19887542724609,274.80002,-.091698959
484027004,71.8299560546875,237.6246185302734,345.6125717163086,1.982034862041473,-9.579967498779297,1829.5,-.0052363859
484027005,-49.08001708984375,54.22550201416016,49.40254974365234,.4699999690055847,30.53706550598145,566.29999,.05392383
484027006,-37.6300048828125,18.75234031677246,30.33752822875977,.0099999997764826,40.53519344329834,351.60001,.1152878
484027008,-54.47000122070313,51.59948348999023,81.08363342285156,0,69.95415115356445,526,.13299268
484027010,-20.61000061035156,20.42891502380371,14.94532632827759,0,10.50641179084778,228.7,.04593971
484027011,-10.45999908447266,31.40460443496704,4.199312388896942,.1599999964237213,-18.37529253959656,89.599998,-.20508139
484027012,-18.98001098632813,79.89257907867432,19.27462339401245,0,-53.61794328689575,440.5,-.12172064
484027013,35.78999328613281,21.66756772994995,30.71322536468506,0,-32.55433654785156,218,-.14933182
484027015,-6.930000305175781,7.751882791519165,13.6314492225647,1.375441551208496,10.58500838279724,123.4,.085778028
484027016,-9.550003051757813,21.23777484893799,15.72742080688477,0,-.9203507900238037,153.8,-.0059840754
484027017,-24.33000183105469,24.8280200958252,37.19515800476074,.0099999997764826,31.65713977813721,190.10001,.16652887
484028003,107.8299865722656,36.96051597595215,119.6458892822266,.8100000023841858,-32.56461381912231,363.60001,-.089561641
484028009,-60.45001220703125,113.4505348205566,147.5477294921875,4.478153705596924,84.77536201477051,791.60004,.10709368
484028012,-28.260009765625,10.39306807518005,19.32016849517822,.0099999997764826,33.97711086273193,168.90001,.20116702
484028013,-10.72000503540039,2.872040092945099,5.871330618858337,0,12.60929560661316,54.600002,.23093948
484028015,61.2900390625,120.2876510620117,392.0475616455078,19.73017835617065,187.6400527954102,1833.9,.10231749
484028017,-2.490001678466797,5.089898109436035,5.037797451019287,0,1.397900998592377,40.900002,.034178507
484028019,-12.03000640869141,15.21788501739502,5.114715337753296,.3599999845027924,.9968366622924805,70.200005,.014199952
484028021,-101.1100158691406,52.98508453369141,62.95292854309082,2.812195897102356,104.5400543212891,500.20001,.2089965
484028022,20.760009765625,138.788459777832,299.2833786010742,27.07882499694824,132.9237365722656,1439.9,.092314556
484028027,25.5999755859375,53.66155052185059,198.9331741333008,22.85969734191895,113.011344909668,1037.3,.1089476
484028033,-33.57000732421875,18.64529418945313,13.9085476398468,1.315174102783203,25.10843467712402,224.3,.1119413
484028035,-4.970001220703125,7.165056943893433,19.42845678329468,.25,15.76340103149414,89.400002,.1763244
484028036,-202.320068359375,318.7543029785156,177.6695785522461,2.480000019073486,37.87534523010254,1334.8,.028375296
484028037,-25.59999847412109,3.520000219345093,6.900895118713379,.2600000202655792,27.12089347839356,100.9,.26878983
484028038,-25.81001281738281,11.64655208587647,36.05217742919922,3.807798385620117,48.30343532562256,226.90001,.21288423
484028039,-29.1300048828125,113.1120529174805,103.689624786377,8.028505802154541,11.84608268737793,951.20001,.01245383
484028041,-12.34000396728516,7.365417718887329,12.34099531173706,.0299999993294477,15.4055814743042,88.300003,.17446864
484029002,-1.470001220703125,4.702383756637573,10.22070550918579,.0299999993294477,6.198323011398315,43.799999,.14151423
484029005,-2.620010375976563,43.73665428161621,54.68153190612793,.4199999868869782,8.764888107776642,236.40001,.037076514
484029006,5.579994201660156,8.322136044502258,16.19848966598511,1.642340570688248,.8387000560760498,120.9,.0069371387
484029009,1.459999084472656,1.186869755387306,2.83627462387085,0,-.1105942130088806,12.1,-.0091400174
484029010,-13.25,29.54359245300293,65.90856552124023,2.075348079204559,44.97031974792481,331.20001,.13577995
484029013,-10.33000183105469,17.44065523147583,16.29577922821045,.2599999904632568,4.355125665664673,206.5,.021090196
484029014,-6.069999694824219,.9300000071525574,5.104103803634644,.8199999928474426,10.19410371780396,44.799999,.22754696
484029015,-14.95000457763672,5.670200109481812,16.59625005722046,1.086863592267036,24.10291767120361,126.4,.19068764
484029016,-1.119998931884766,1.33331698179245,5.671510100364685,0,4.558192074298859,20,.22790961
484029018,-.2699966430664063,2.752900242805481,8.948124408721924,.0799999982118607,4.535220742225647,93.099998,.048713434
484029019,.6499977111816406,1.059999942779541,5.701825141906738,0,2.631827473640442,45.5,.057842363
484029020,-2.569999694824219,.6100000143051148,7.204211473464966,.0700000002980232,8.334211349487305,37.799999,.22048178
484029022,.2199993133544922,.3400000035762787,2.436714172363281,.0399999991059303,1.346714824438095,28.1,.047925793
484029023,-11.66000366210938,5.045349836349487,5.757746696472168,.6599999666213989,10.52240037918091,87.5,.12025601
484029024,1.17999267578125,74.22269248962402,8.115707635879517,.1799999922513962,-68.96697664260864,72.800003,-.94734854
484029025,1.069992065429688,3.480000019073486,16.1486439704895,.0500000007450581,7.568651556968689,166.90001,.045348421
484029028,-6.520000457763672,1.658577084541321,7.289252281188965,.6336402893066406,11.66431617736816,59.600002,.19570999
484029029,.6800003051757813,2.433308482170105,4.070632576942444,0,.0773237943649292,46,.001680952
484029030,6.319995880126953,5.877152264118195,9.49670672416687,0,-3.93044126033783,60.600002,-.064858764
484029032,43.67999267578125,77.63444900512695,88.15826416015625,.3899999856948853,-39.47617721557617,230.5,-.17126325
484029033,-9.040008544921875,8.034467935562134,17.58632516860962,.2099999934434891,16.47186613082886,100.7,.16357364
484029035,-12.34000015258789,2.938189536333084,10.81241464614868,.1200000047683716,18.79422521591187,67.900002,.27679271
484029036,-1.809999465942383,4.793479323387146,1.867723047733307,0,-1.775756865739822,23.6,-.075243935
484029037,5.209999084472656,1.897552728652954,10.06653213500977,.3888200409710407,2.527800440788269,37,.068318933
484029038,-4.469997406005859,7.55636191368103,9.159626483917236,.1700000017881393,5.343261957168579,53.299999,.10024882
484029042,17.31000137329102,10.82620561122894,16.33406460285187,.0899999961256981,-12.99214148521423,51.799999,-.25081354
484029043,-9.94000244140625,6.982304155826569,25.43587589263916,1.805380523204804,26.31895542144775,159.7,.16480248
484030003,-44.83999633789063,35.59057688713074,36.50682640075684,0,38.45624589920044,305.10001,.12604472
484030010,-37.96000671386719,8.592332601547241,15.04220104217529,.0399999991059303,38.14987564086914,177.90001,.21444561
484030011,-36.30000305175781,26.91299438476563,8.170000076293945,0,12.26700878143311,218.90001,.056039326
484030014,-22.72000885009766,5.584958910942078,15.31295347213745,.4000000059604645,28.59800434112549,148.40001,.19270891
484030023,-33.6300048828125,6.078501224517822,12.12875127792358,0,35.33025455474854,167.40001,.21105288
484030028,-189.4000244140625,55.05214691162109,154.230712890625,1.53000009059906,278.9585800170898,722.40002,.38615528
484030039,-157.4500732421875,1181.277389526367,346.1935043334961,.809999942779541,-707.2938079833984,1343.9,-.52629942
484030044,-64.9200439453125,178.9968109130859,86.04014205932617,.6399999260902405,-47.38662433624268,696.70001,-.068015821
484030045,-73.05001831054688,78.38249588012695,44.1425838470459,.5400000214576721,25.6201057434082,521.40002,.049137138
484030057,-10.72000122070313,.5699999928474426,1.906098008155823,0,10.85609912872315,45.700001,.23755141
484030058,-22.58999633789063,9.52731454372406,5.630000114440918,0,14.18268203735352,230.5,.061530072
484030059,-12.62000274658203,6.626953363418579,2.933654546737671,0,7.616703987121582,59.900002,.12715699
484030061,-442.3900756835938,208.3402328491211,73.19878196716309,1.200000047683716,281.0586242675781,1381.7001,.20341508
484030065,25.91000366210938,13.7845516204834,107.5344176292419,.4600000083446503,64.51986312866211,159,.40578529
484030069,-26.40000915527344,15.43438148498535,16.55200338363648,0,24.04763078689575,121.7,.19759762
484030076,-21.63999938964844,22.2755241394043,25.29538726806641,.1800000071525574,18.74986267089844,226.2,.082890637
484030084,14.78999328613281,8.900590658187866,123.9714202880859,.2800000011920929,95.44083452224731,182.40001,.52325016
484030086,53.9300537109375,326.2884826660156,291.8920364379883,9.475005388259888,-110.7614908218384,1433.5,-.077266477
484030088,-42.58999633789063,23.52377486228943,18.11694192886353,0,32.71316337585449,176.7,.18513392
484030091,-3.310001373291016,2.65449146181345,2.948132276535034,0,2.123642206192017,47.900002,.044334907
484030100,-27.22998046875,62.40756797790527,52.82120513916016,.6600000262260437,5.433618545532227,470.39999,.01155106
484030104,-1.170000076293945,.4100000262260437,1.888501584529877,.0199999995529652,2.198501646518707,12.3,.17873996
484030115,-78.90997314453125,160.4275207519531,68.79310989379883,5.583907842636108,-22.12052941322327,519.29999,-.042596821
484030120,-56.92001342773438,24.19474983215332,27.72504329681397,0,53.39030647277832,366.70001,.14559668
484030121,-82.1700439453125,43.2735595703125,27.77744293212891,.1499999910593033,51.92392730712891,648.90002,.080018379
484030125,-16.74000549316406,13.50004959106445,46.62856006622315,3.011434435844421,47.01994967460632,170.8,.27529243
484030128,-122.0599975585938,149.5866546630859,79.69320297241211,.8199999928474426,35.33654594421387,721.20001,.048996873
484030129,-2.009998321533203,2.357038259506226,5.835187435150147,0,3.388147413730621,44.299999,.076481886
484030130,-29.50001525878906,28.30574226379395,47.34698104858398,.2099999934434891,45.0412540435791,209.90001,.21458434
484030156,-51.35000610351563,20.07711029052734,15.64024782180786,.6599999666213989,43.25314235687256,228.8,.18904345
484030182,-55.68997192382813,119.1716499328613,92.11931610107422,.6800000071525574,18.01763820648193,522.29999,.034496725
484030186,212.0400390625,639.6044616699219,309.6833801269531,2.319999933242798,-588.9311218261719,1614.4,-.36479875
484030192,.5200004577636719,.4699999988079071,1.215908885002136,0,-.6040915623307228,23.4,-.02581588
484031002,-3.139999389648438,1.820767521858215,2.164503931999207,0,2.473735809326172,46.299999,.053428419
484031003,-1.680000305175781,.5400000214576721,1.901863932609558,0,2.61186420917511,27.200001,.096024416
484031006,-3.100000381469727,1.286963269114494,3.375834345817566,.2100000083446503,4.898871421813965,29.300001,.16719697
484031022,.9600000381469727,.0099999997764826,.0700000002980232,0,-1.040000021457672,9.6999998,-.1072165
484031024,-1.300000190734863,.6700000166893005,.2454489655792713,0,.7054491564631462,9.5,.074257806
484031032,-7,1.852686733007431,1.507609009742737,.0799999982118607,5.794922113418579,42,.13797434
484031035,-3.80000114440918,.5999999642372131,.3599999845027924,0,3.150001168251038,20.5,.1536586
484031040,-10.12999725341797,18.29156351089478,4.130794763565064,0,-5.970771729946137,79.5,-.07510405
484031050,10.010009765625,192.7662353515625,367.2103729248047,29.61116981506348,134.0152969360352,2575.3,.052038711
484031052,-10.76999664306641,16.55890560150147,11.51259732246399,.3500000238418579,3.713688403367996,101,.036769193
484031055,-2.740000724792481,.0900000035762787,.7104794085025787,0,3.130480170249939,17.300001,.18095259
484031056,-9,5.632183790206909,5.940227031707764,1.41689270734787,8.934935808181763,83.099998,.10752029
484031058,-15.50000381469727,13.41430282592773,4.658079862594605,.8300000429153442,6.323781251907349,73.200005,.086390451
484031059,8.540008544921875,17.88475036621094,23.79821586608887,2.49881637096405,-4.217726707458496,163.7,-.025764978
484031060,-.7200000286102295,3.25429567694664,.1822511292994022,0,-2.432044536806643,3.7,-.65730935
484031063,-.880000114440918,0,.1800000071525574,0,.8200001120567322,14.6,.056164391
484031065,.7599997520446777,.4285320937633514,1.20404988527298,.0099999997764826,.0155180394649506,6.0999999,.0025439409
484031067,2.569999694824219,1,1.374666959047318,0,-2.755332708358765,24.200001,-.11385672
484031078,-3.340000152587891,2.305162608623505,.2099999934434891,0,.9948374982923269,15,.066322498
484031083,.0299997329711914,0,.7912264764308929,.0099999997764826,.6412267535924912,5.4000001,.11874569
484031088,-.9500002861022949,.3704771790653467,.2199999839067459,0,.569523080252111,6.5,.087618932
484031089,-8.510002136230469,2.859999895095825,14.70552492141724,0,18.26552724838257,107.1,.17054647
484031091,-1.570001602172852,.7199999690055847,2.179516315460205,.0099999997764826,2.349518001079559,30.300001,.077541843
484031093,.0799980163574219,2.196841835975647,2.896693587303162,.0799999982118607,-.3801462799310684,58.100002,-.0065429648
484031095,-1.729999542236328,.119999997317791,.990154255181551,0,2.250153839588165,19.5,.11539251
484031096,-12.37001037597656,20.38599681854248,23.89564609527588,.0099999997764826,11.86965942382813,206.3,.057535917
484031097,-1.940000534057617,.7300000190734863,.4399999678134918,.1400000005960465,1.560000479221344,13.5,.11555559
484031098,-5.640003204345703,2.794837534427643,3.054750442504883,.1299999952316284,5.219916105270386,38.400002,.13593531
484031102,1.829986572265625,18.63457584381104,24.7223744392395,4.732301235198975,4.550113677978516,175.40001,.025941353
484032001,-6.710000991821289,1.190000057220459,1.005174607038498,3.080426931381226,9.085602283477783,29.200001,.31115076
484032005,16.65999603271484,13.90236949920654,22.74033212661743,12.38169026374817,2.219656825065613,100.8,.022020405
484032007,-11.85000228881836,17.57149267196655,7.843197345733643,.0399999991059303,1.221706867218018,62.200001,.019641589
484032009,-21.93000030517578,4.940198659896851,1.560000061988831,5.318995475769043,22.81879711151123,54.900002,.41564292
484032010,-66.52001953125,65.6628475189209,86.36916732788086,10.2588849067688,85.15522384643555,648.20001,.13137183
484032015,-17.25000381469727,6.872403800487518,5.611753940582275,5.23157262802124,19.93092632293701,77.700005,.25651127
484032016,38.3699951171875,55.66730117797852,191.9637069702148,5.124794363975525,95.76120138168335,366,.26164263
484032018,-19.35000610351563,2.448871225118637,13.03616046905518,1.090000033378601,28.86729526519775,85.200005,.33881801
484032019,-36.83000183105469,21.61275339126587,9.828043460845947,17.29170608520508,37.51699733734131,215.5,.1740928
484032020,-4.890000343322754,1.152282625436783,1.378548204898834,.9001708626747131,5.636436700820923,17.4,.32393315
484032022,-14.61000442504883,3.78323769569397,5.891901731491089,1.939093828201294,17.26776218414307,54.100002,.31918228
484032024,-9.470001220703125,3.688490629196167,3.851760387420654,2.304825156927109,11.2180962562561,43,.26088595
484032027,-3.210000038146973,.7200000286102295,1.59923666715622,.2103496417403221,4.069586277008057,12,.33913219
484032028,-17.27000045776367,5.977268576622009,8.325297594070435,4.878006100654602,22.93603515625,75.5,.30378854
484032033,-19.44000244140625,2.850609838962555,12.81936001777649,5.21591067314148,32.57466316223145,112.7,.28903872
484032034,-7.230003356933594,2.938072741031647,5.118745088577271,1.574020743370056,10.41469645500183,45.900002,.2268997
484032035,-25.85000610351563,16.73502779006958,7.522660493850708,2.200000047683716,16.53763914108276,135.10001,.12241035
484032036,-6.610004425048828,4.573193162679672,7.778515875339508,.0799999982118607,8.945326805114746,50.100002,.17854942
484032037,-26.37001037597656,37.22364377975464,19.89276170730591,4.119999885559082,8.859127998352051,209.60001,.042266831
484032038,-55.88999938964844,24.11661005020142,18.70789766311646,4.905783772468567,50.32707023620606,228.2,.22053932
484032040,-46.260009765625,28.61826515197754,15.03468656539917,9.083698272705078,36.68013000488281,234.8,.1562186
484032042,-11.81999969482422,11.3887996673584,6.548686027526856,2.210764765739441,8.110650777816773,57.200001,.14179459
484032044,-11.83000183105469,2.329999923706055,3.739634543657303,3.058639347553253,15.64827632904053,36.200001,.43227282
484032046,-60.12001037597656,4.452398777008057,7.959961891174316,10.25352871417999,70.91110420227051,151.90001,.46682751
484032048,-27.28000640869141,7.6201171875,19.77883052825928,.75,38.25872039794922,116.2,.32924888
484032052,-34.27000427246094,12.31166529655457,6.673854827880859,13.56178426742554,39.48397827148438,128.5,.30726832
484032053,-78.81997680664063,172.5530815124512,116.1551914215088,8.732706546783447,20.34479379653931,514.79999,.039519802
